{"cameraMode":{"drawMode":0,"name":"Shaded","section":"Shading Mode"},"sceneLighting":true,"audioPlay":false,"sceneViewState":{"m_AlwaysRefresh":false,"showFog":true,"showSkybox":true,"showFlares":true,"showImageEffects":true,"showParticleSystems":true,"showVisualEffectGraphs":true,"m_FxEnabled":true},"in2DMode":false,"pivot":{"x":31.803260803222658,"y":-11.656048774719239,"z":10.341657638549805},"rotation":{"x":-0.14411842823028565,"y":-0.4949933886528015,"z":0.08364719897508621,"w":-0.8528114557266235},"size":18.92931365966797,"orthographic":false}